Nombre,Precio regular,Precio promocional,Categoria/s,SKU,URL,Stock,Descripcion
SILLA OFICINA TULIP GRIS,29999.0,29999.0,"/Hogar/MUEBLES DE INTERIOR/MUEBLES DE OFICINA/,/Hogar/MUEBLES DE INTERIOR/,/Hogar/",903916,https://www.hiperlibertad.com.ar/silla-oficina-tulip-gris/p,1,SILLA OFICINA TULIP GRIS
SILLA OFICINA TULIP NEGRO,29999.0,29999.0,"/Hogar/MUEBLES DE INTERIOR/MUEBLES DE OFICINA/,/Hogar/MUEBLES DE INTERIOR/,/Hogar/",903915,https://www.hiperlibertad.com.ar/silla-oficina-tulip-negro/p,4,SILLA OFICINA TULIP NEGRO
SILLA DISE?O ALLEGRA NEGRO,18999.0,18999.0,"/Hogar/MUEBLES DE INTERIOR/MUEBLES PARA LIVING Y COMEDOR/,/Hogar/MUEBLES DE INTERIOR/,/Hogar/",903913,https://www.hiperlibertad.com.ar/silla-dise-o-allegra-negro/p,4,SILLA DISE?O ALLEGRA NEGRO
SILLA DISE?O ALLEGRA BLANCO,18999.0,18999.0,"/Hogar/MUEBLES DE INTERIOR/MUEBLES PARA LIVING Y COMEDOR/,/Hogar/MUEBLES DE INTERIOR/,/Hogar/",903912,https://www.hiperlibertad.com.ar/silla-dise-o-allegra-blanco/p,4,SILLA DISE?O ALLEGRA BLANCO
SILLA DISE?O NINA NEGRA,18999.0,18999.0,"/Hogar/MUEBLES DE INTERIOR/MUEBLES PARA LIVING Y COMEDOR/,/Hogar/MUEBLES DE INTERIOR/,/Hogar/",903911,https://www.hiperlibertad.com.ar/silla-dise-o-nina-negra/p,6,SILLA DISE?O NINA NEGRA
SILLA DISE?O NINA BLANCO,18999.0,18999.0,"/Hogar/MUEBLES DE INTERIOR/MUEBLES PARA LIVING Y COMEDOR/,/Hogar/MUEBLES DE INTERIOR/,/Hogar/",903910,https://www.hiperlibertad.com.ar/silla-dise-o-nina-blanco/p,6,SILLA DISE?O NINA BLANCO
SILLA DISE?O MAGNOLIA BCO.,17999.0,17999.0,"/Hogar/MUEBLES DE INTERIOR/MUEBLES PARA LIVING Y COMEDOR/,/Hogar/MUEBLES DE INTERIOR/,/Hogar/",903909,https://www.hiperlibertad.com.ar/silla-dise-o-magnolia-blanca/p,6,SILLA DISE?O MAGNOLIA BCO.
SILLA DISEÑO MAGNOLIA GRIS,17999.0,17999.0,"/Hogar/MUEBLES DE INTERIOR/MUEBLES PARA LIVING Y COMEDOR/,/Hogar/MUEBLES DE INTERIOR/,/Hogar/",504517,https://www.hiperlibertad.com.ar/silla-dise-o-magnolia-gris/p,4,"Silla de Diseño Magnolia - Casco Eames con patas escandinavas Sillas de diseño Eames, cuentan con asiento de polipropileno Blanco y patas de madera de diseño escandinavo con punteras antideslizantes.  COLOR: GRIS ESPECIFICACIONES Materiales: Casco Polipropileno y patas de madera. Soporta 120 kg MEDIDAS:  Profundidad 47 cm Ancho 47 cm Alto 83 cm Alto del Piso al Asiento 40 cm"
SILLA GALA BCO/CARRERA GRIS C,38299.0,38299.0,"/Hogar/MUEBLES DE INTERIOR/MUEBLES PARA LIVING Y COMEDOR/,/Hogar/MUEBLES DE INTERIOR/,/Hogar/",497075,https://www.hiperlibertad.com.ar/silla-gala-bco-carrera-gris-c/p,6,"DESCRIPCION: SILLA GALA tapizada en tela antidesgarre. 
 MEDIDAS:  Alto: 90cm  Ancho: 45cm  Profundidad: 40cm  MATERIALES: Estructura de madera. Base de caño 1 1/2"" Patas Madera de Eucalipto"
MATERA CAÑO NEGRO TAP. BRONCE,41199.0,25759.2,"/Hogar/MUEBLES DE INTERIOR/MUEBLES PARA LIVING Y COMEDOR/,/Hogar/MUEBLES DE INTERIOR/,/Hogar/",497074,https://www.hiperlibertad.com.ar/matera-ca-o-negro-tap-bronce/p,1,"DESCRIPCION: Silla matera tapizada, con estructura de caño. MEDIDAS: Alto: 70cm  Ancho: 60cm  Profundidad: 60cm  MATERIALES: Patas en caño de 3 cm x 3 cm."
MESA NOA LAQUEADA NEGRA,80199.0,80199.0,"/Hogar/MUEBLES DE INTERIOR/MUEBLES PARA LIVING Y COMEDOR/,/Hogar/MUEBLES DE INTERIOR/,/Hogar/",497050,https://www.hiperlibertad.com.ar/mesa-noa-laqueada-negra/p,1,"DESCRIPCION: Mesa Noa. Diseño moderno muy versátil, con patas en madera de eucalipto. Tapa en mdf laqueado color negro. 
 MEDIDAS:  Alto: 0,75 m Ancho: 0,80 m Largo: 1,40 m"
POLTRONA CONRAD,92499.0,58079.2,"/Hogar/MUEBLES DE INTERIOR/MUEBLES PARA LIVING Y COMEDOR/,/Hogar/MUEBLES DE INTERIOR/,/Hogar/",497022,https://www.hiperlibertad.com.ar/poltrona-conrad/p,2,DESCRIPCION:  Sillón de un cuerpo tapizado en tela antodesgarre. MEDIDAS:  Alto: 0.60m Ancho: 0.85m Profundidad: 0.60m
MESA NOA LAQUEADA BLANCA,80199.0,80199.0,"/Hogar/MUEBLES DE INTERIOR/MUEBLES PARA LIVING Y COMEDOR/,/Hogar/MUEBLES DE INTERIOR/,/Hogar/",496971,https://www.hiperlibertad.com.ar/mesa-noa-laqueada-blanca/p,1,"DESCRIPCION: Mesa Noa. Diseño moderno muy versátil, con patas en madera de eucalipto. Tapa en mdf laqueado color blanco. 
 MEDIDAS:  Alto: 0,75 m Ancho: 0,80 m Largo: 1,40 m"
MESA NOA REDONDA LAQUEADA BLANCA,65999.0,65999.0,"/Hogar/MUEBLES DE INTERIOR/MUEBLES PARA LIVING Y COMEDOR/,/Hogar/MUEBLES DE INTERIOR/,/Hogar/",496970,https://www.hiperlibertad.com.ar/mesa-noa-redonda-laqueada-blanca/p,2,"DESCRIPCION: Mesa Noa redonda. Diseño moderno muy versátil, con patas en madera de eucalipto. Tapa en mdf laqueado color blanco. 
 MEDIDAS:  Alto: 0,75 m Diámetro: 0,90 m"
SILLA TULIP BLANCA,21990.0,21990.0,"/Hogar/MUEBLES DE INTERIOR/MUEBLES PARA LIVING Y COMEDOR/,/Hogar/MUEBLES DE INTERIOR/,/Hogar/",494882,https://www.hiperlibertad.com.ar/silla-tulip-blanca/p,4,"Renueva e innova tus espacios con la sillas de diseño Tulip para tu estudio, oficina, cuarto o comedor, lleve la modernidad y elegancia a su hogar u negocio. La silla tulip posee un diseño moderno y único que une el asiento y respaldo en una sola pieza, su asiento es cómodo y acolchado, adaptado para su figura con un grosor de 2 cm (No retirable). Es una silla elegante que puede quedar bien en cualquier ambiente. El set incluye todos los componentes necesarios para que puedas ensamblarlas en tu hogar de manera fácil y rápida. 
 Descripcion: SILLA TULIP DE POLIPROPILENO Y BASE TAPIZADA EN SINTETICO CON PATAS DE MADERA. - Color : BLANCO - Material: ASIENTO Y RESPALDO PP, COJÍN ALMOHADILLA PU, PATAS DE MADERA DE HAYA. -Medidas : ALTO 82CM - ANCHO 48,5 CM - PROFUNDIDAD 55 CM. - Requiere armado: SI 
 -ORIGEN: CHINA"
SILLA TULIP NEGRA,21990.0,21990.0,"/Hogar/MUEBLES DE INTERIOR/MUEBLES PARA LIVING Y COMEDOR/,/Hogar/MUEBLES DE INTERIOR/,/Hogar/",494881,https://www.hiperlibertad.com.ar/silla-tulip-negra/p,4,"Renueva e innova tus espacios con la sillas de diseño Tulip para tu estudio, oficina, cuarto o comedor, lleve la modernidad y elegancia a su hogar u negocio. La silla tulip posee un diseño moderno y único que une el asiento y respaldo en una sola pieza, su asiento es cómodo y acolchado, adaptado para su figura con un grosor de 2 cm (No retirable). Es una silla elegante que puede quedar bien en cualquier ambiente. El set incluye todos los componentes necesarios para que puedas ensamblarlas en tu hogar de manera fácil y rápida. 
 Descripcion: SILLA TULIP DE POLIPROPILENO Y BASE TAPIZADA EN SINTETICO CON PATAS DE MADERA. - Color : NEGRO - Material: ASIENTO Y RESPALDO PP, COJÍN ALMOHADILLA PU, PATAS DE MADERA DE HAYA. -Medidas : ALTO 82CM - ANCHO 48,5 CM - PROFUNDIDAD 55 CM. - Requiere armado: SI 
 -ORIGEN: CHINA"
BANQUETA LEBLON YUTE,39999.0,39999.0,"/Hogar/MUEBLES DE INTERIOR/MUEBLES PARA LIVING Y COMEDOR/,/Hogar/MUEBLES DE INTERIOR/,/Hogar/",494531,https://www.hiperlibertad.com.ar/banqueta-leblon-yute/p,4,"DESCRIPCION: 
 Banqueta de hierro y soga con diseño y calidad premium. 
 La banqueta Leblon combina un moderno diseño con una comodidad única. 
 Estructura de hierro color negro. Soga color yute. Aptas interior y exterior. 
 Soporta hasta 150 kg. 
 
 MATERIALES: 
 HIERRO DE PRIMERA CALIDAD DE 1/2″ 
 PINTURA ELECTROESTATICA EPOXI CON ACABADO A HORNO 
 SOGA DE POLIPROPILENO DE ALTA RESISTENCIA 
 
 MEDIDAS: 
 ALTO TOTAL 102CM 
 ANCHO 44 CM 
 PROFUNDIDAD 51 CM 
 ALTO ESTÁNDAR AL ASIENTO 75 CM"
BANQUETA LEBLON NEGRA,39999.0,39999.0,"/Hogar/MUEBLES DE INTERIOR/MUEBLES PARA LIVING Y COMEDOR/,/Hogar/MUEBLES DE INTERIOR/,/Hogar/",494530,https://www.hiperlibertad.com.ar/banqueta-leblon-negra/p,3,"DESCRIPCION: 
 Banqueta de hierro y soga con diseño y calidad premium. 
 La banqueta Leblon combina un moderno diseño con una comodidad única. 
 Estructura de hierro color negro. Soga color yute. Aptas interior y exterior. 
 Soporta hasta 150 kg. 
 
 MATERIALES: 
 HIERRO DE PRIMERA CALIDAD DE 1/2″ 
 PINTURA ELECTROESTATICA EPOXI CON ACABADO A HORNO 
 SOGA DE POLIPROPILENO DE ALTA RESISTENCIA 
 
 MEDIDAS: 
 ALTO TOTAL 102CM 
 ANCHO 44 CM 
 PROFUNDIDAD 51 CM 
 ALTO ESTÁNDAR AL ASIENTO 75 CM"
POLTRONA TIJUCA YUTE,42999.0,42999.0,"/Hogar/MUEBLES DE INTERIOR/MUEBLES PARA LIVING Y COMEDOR/,/Hogar/MUEBLES DE INTERIOR/,/Hogar/",494395,https://www.hiperlibertad.com.ar/poltrona-tijuca-yute/p,2,"DESCRIPCION: 
 Sillón individual de hierro y soga, de gran comodidad y amplitud. 
 Diseño simple con sofisticadas terminaciones. 
 Estructura de hierro negro. Color soga: yute. Aptas interior y exterior. 
 Soporta hasta 150 kg. 
 
 MATERIALES: 
 HIERRO DE PRIMERA CALIDAD DE 1/2″ 
 PINTURA ELECTROESTATICA EPOXI CON ACABADO A HORNO 
 SOGA DE POLIPROPILENO DE ALTA RESISTENCIA 
 
 MEDIDAS: 
 ALTO TOTAL 70 CM 
 ANCHO 120 CM 
 PROFUNDO 50 CM 
 ALTO AL ASIENTO 36 CM"
SILLA CORDOBA CURVA TABACO,19999.0,19999.0,"/Hogar/MUEBLES DE INTERIOR/MUEBLES PARA LIVING Y COMEDOR/,/Hogar/MUEBLES DE INTERIOR/,/Hogar/",494367,https://www.hiperlibertad.com.ar/silla-cordoba-curva-tabaco/p,9,"Descripcion: SILLA CORDOBA CURVA Color : TABACO Material: PINO -Medidas (armado): ALTO 0,95m ANCHO 0,44m PROF 0,42m Origen ARGENTINA"
BIBLIOTECA TABLES LINEA CHIC  2 CAJONES OLMO/EVEREST,55699.0,44559.2,"/Hogar/MUEBLES DE INTERIOR/MUEBLES DE OFICINA/,/Hogar/MUEBLES DE INTERIOR/,/Hogar/",488504,https://www.hiperlibertad.com.ar/biblioteca-tables-linea-chic-2-cajones-olmo-everest/p,5,Descripcion: Columna  Linea Chic 2 Cajones  - Color : Olmo Finlandes/Everest  - Material: Melamina 15mm estructura MDP 25 mm - Medidas (armado): 48 cm x 173 cm x 38 cm - Requiere armado: si - Peso Caja: 34 Kg
"MESA TV  TABLES LINEA CHIC 1,33 m OLMO/GRIS",63999.0,63999.0,"/Hogar/MUEBLES DE INTERIOR/MUEBLES PARA LIVING Y COMEDOR/,/Hogar/MUEBLES DE INTERIOR/,/Hogar/",488503,https://www.hiperlibertad.com.ar/mesa-tv-tables-linea-chic-1-33-m-olmo-gris/p,2,Descripcion: Mesa de Tv  Linea Chic 3 Puertas 1 Estante  - Color : Olmo Finlandes/Gris Cubanita  - Material: Melamina 15mm  estructura MDP 25 mm- Medidas (armado): 133 cm x 75 cm x 40 cm - Requiere armado: si - Peso Caja: 39 Kg
PLACARD TABLES 2 PUERTAS OLMO/EVEREST,89999.0,67499.25,"/Hogar/MUEBLES DE INTERIOR/MUEBLES DE DORMITORIO/,/Hogar/MUEBLES DE INTERIOR/,/Hogar/",488500,https://www.hiperlibertad.com.ar/placard-tables-2-puertas-olmo-everest/p,3,Descripcion: Placard 2 Puertas 2 Cajones  - Color : Olmo Finlandes/Everest - Material: Melamina 15mm - Medidas (armado): 86 cm x 186 cm x 45 cm- Requiere armado: si - Peso Caja: 60 Kg
BOX JUVENIL TABLES 1 PLAZA 4 CAJONES Y ESTANTES OLMO/GRIS,96999.0,72749.25,"/Hogar/MUEBLES DE INTERIOR/MUEBLES DE DORMITORIO/,/Hogar/MUEBLES DE INTERIOR/,/Hogar/",488496,https://www.hiperlibertad.com.ar/box-juvenil-tables-1-plaza-4-cajones-y-estantes-olmo-gris/p,3,Descripcion: Box Juvenil 1 plaza con 4 cajones y estantes  - Color : Olmo Finlandes/Gris Cubanita - Material: Melamina 15mm - Medidas (armado): 92cm x 195cm x 33 cm - Requiere armado: si - Peso Caja: 78 Kg
BOX JUVENIL TABLES 1 PLAZA 4 CAJONES Y ESTANTES OLMO/EVEREST,96999.0,72749.25,"/Hogar/MUEBLES DE INTERIOR/MUEBLES DE DORMITORIO/,/Hogar/MUEBLES DE INTERIOR/,/Hogar/",488495,https://www.hiperlibertad.com.ar/box-juvenil-tables-1-plaza-4-cajones-y-estantes-olmo-everest/p,4,Descripcion: Box Juvenil 1 plaza con 4 cajones y estantes  - Color : Olmo Finlandes/Everest - Material: Melamina 15mm - Medidas (armado): 92cm x 195cm x 33 cm - Requiere armado: si - Peso Caja: 78 Kg
MESA DE CENTRO AUXILIAR OLMO/GRIS,36499.0,36499.0,"/Hogar/MUEBLES DE INTERIOR/MUEBLES PARA LIVING Y COMEDOR/,/Hogar/MUEBLES DE INTERIOR/,/Hogar/",488494,https://www.hiperlibertad.com.ar/mesa-de-centro-auxiliar-olmo-gris/p,3,"Descripcion: Mesa centro auxiliar con cajon oculto, con sistema push - patas aluminio - Color : Olmo Finlandes/Gris Cubanita - Material: Melamina 15mm - Medidas (armado): 60 cm  x 91 cm x 38 cm - Requiere armado: si - Peso Caja: 22 Kg"
MESA DE CENTRO AUXILIAR TABLES OLMO/EVEREST,36499.0,36499.0,"/Hogar/MUEBLES DE INTERIOR/MUEBLES PARA LIVING Y COMEDOR/,/Hogar/MUEBLES DE INTERIOR/,/Hogar/",488493,https://www.hiperlibertad.com.ar/mesa-de-centro-auxiliar-tables-olmo-everest/p,3,"Descripcion: Mesa centro auxiliar con cajon oculto ,con sistema push - patas aluminio - Color : Olmo Finlandes/Everest - Material: Melamina 15mm - Medidas (armado): 60 cm  x 91 cm x 38 cm - Requiere armado: si - Peso Caja: 22 Kg"
BIBLIOTECA  TABLES LINEA CHIC 2 CAJONES OLMO/GRIS,55699.0,44559.2,"/Hogar/MUEBLES DE INTERIOR/MUEBLES DE OFICINA/,/Hogar/MUEBLES DE INTERIOR/,/Hogar/",488492,https://www.hiperlibertad.com.ar/biblioteca-tables-linea-chic-2-cajones-olmo-gris/p,4,Descripcion: Columna  Linea Chic 2 Cajones  - Color : Olmo Finlandes/Gris Cubanita  - Material: Melamina 15mm estructura MDP 25 mm - Medidas (armado): 48 cm x 173 cm x 38 cm - Requiere armado: si - Peso Caja: 34 Kg
BIBLIOTECA COLUMNA TABLES LINEA CHIC 2 PUERTAS OLMO/GRIS,69999.0,55999.2,"/Hogar/MUEBLES DE INTERIOR/MUEBLES DE OFICINA/,/Hogar/MUEBLES DE INTERIOR/,/Hogar/",488491,https://www.hiperlibertad.com.ar/biblioteca-columna-tables-linea-chic-2-puertas-olmo-gris/p,3,Descripcion: Columna  Linea Chic 2 Puertas  - Color : Olmo Finlandes/Gris Cubanita  - Material: Melamina 15mm estructura MDP 25 mm - Medidas (armado): 90 cm x 173 cm x 38 cm - Requiere armado: si - Peso Caja: 42 Kg
BIBLIOTECA COLUMNA TABLES LINEA CHIC 2 PUERTAS OLMO/EVEREST,69999.0,55999.2,"/Hogar/MUEBLES DE INTERIOR/MUEBLES DE OFICINA/,/Hogar/MUEBLES DE INTERIOR/,/Hogar/",488490,https://www.hiperlibertad.com.ar/biblioteca-columna-tables-linea-chic-2-puertas-olmo-everest/p,5,Descripcion: Columna  Linea Chic 2 Puertas  - Color : Olmo Finlandes/Everest  - Material: Melamina 15mm estructura MDP 25 mm - Medidas (armado): 90 cm x 173 cm x 38 cm - Requiere armado: si - Peso Caja: 42 Kg
"RESPALDO JUVENIL 1,18 m TABLES OLMO/GRIS",22999.0,17249.25,"/Hogar/MUEBLES DE INTERIOR/MUEBLES DE DORMITORIO/,/Hogar/MUEBLES DE INTERIOR/,/Hogar/",488481,https://www.hiperlibertad.com.ar/respaldo-juvenil-1-18-m-tables-olmo-gris/p,3,Descripcion: Respaldo 1 plaza  - Color : Olmo Finlandes/Gris Cubanita - Material: Melamina 15mm - Medidas (armado): 118 cm x 102 cm x 3 cm - Requiere armado: si - Peso Caja: 14 Kg
"RESPALDO JUVENIL 1,18 m TABLES OLMO/EVEREST",22999.0,17249.25,"/Hogar/MUEBLES DE INTERIOR/MUEBLES DE DORMITORIO/,/Hogar/MUEBLES DE INTERIOR/,/Hogar/",488480,https://www.hiperlibertad.com.ar/respaldo-juvenil-1-18-m-tables-olmo-everest/p,6,Descripcion: Respaldo 1 plaza  - Color : Olmo Finlandes/Everest - Material: Melamina 15mm - Medidas (armado): 118 cm x 102 cm x 3 cm - Requiere armado: si - Peso Caja: 14 Kg
MESA DE CENTRO TABLES LINEA CHIC OLMO/GRIS,22899.0,18319.2,"/Hogar/MUEBLES DE INTERIOR/MUEBLES PARA LIVING Y COMEDOR/,/Hogar/MUEBLES DE INTERIOR/,/Hogar/",488477,https://www.hiperlibertad.com.ar/mesa-de-centro-tables-linea-chic-olmo-gris/p,3,Descripcion: Mesa Centro /Auxiliar Linea Chic 1 Estante  - Color : Olmo Finlandes/Gris Cubanita  - Material: Melamina 15mm  estructura MDP 25 mm- Medidas (armado): 90 cm x 38 cm x 50 cm - Requiere armado: si - Peso Caja: 14 Kg
MESA DE CENTRO TABLES LINEA CHIC OLMO/EVEREST,22899.0,18319.2,"/Hogar/MUEBLES DE INTERIOR/MUEBLES PARA LIVING Y COMEDOR/,/Hogar/MUEBLES DE INTERIOR/,/Hogar/",488476,https://www.hiperlibertad.com.ar/mesa-de-centro-tables-linea-chic-olmo-everest/p,2,Descripcion: Mesa Centro/Auxiliar Linea Chic 1 Estante  - Color : Olmo Finlandes/Everest  - Material: Melamina 15mm estructura MDP 25 mm - Medidas (armado): 90 cm x 38 cm x 50 cm - Requiere armado: si - Peso Caja: 14 Kg
MESA DE LUZ JUVENIL TABLES BLANCO,22999.0,22999.0,"/Hogar/MUEBLES DE INTERIOR/MUEBLES DE DORMITORIO/,/Hogar/MUEBLES DE INTERIOR/,/Hogar/",488475,https://www.hiperlibertad.com.ar/mesa-de-luz-juvenil-tables-blanco/p,3,Descripcion: Mesa de Luz 1 cajon 1 puerta  - Color : Blanco  - Material: Melamina 15mm - Medidas (armado): 52 cm x 63 cm x 36 cm - Requiere armado: si - Peso Caja: 15 Kg
MESA DE LUZ JUVENIL TABLES OLMO/GRIS,26799.0,20099.25,"/Hogar/MUEBLES DE INTERIOR/MUEBLES DE DORMITORIO/,/Hogar/MUEBLES DE INTERIOR/,/Hogar/",488474,https://www.hiperlibertad.com.ar/mesa-de-luz-juvenil-tables-olmo-gris/p,3,Descripcion: Mesa de Luz 1 cajon 1 puerta  - Color : Olmo Finlandes/Gris Cubanita  - Material: Melamina 15mm - Medidas (armado): 52 cm x 63 cm x 36 cm - Requiere armado: si - Peso Caja: 15 Kg
PLACARD TABLES 2 PUERTAS OLMO/GRIS,89999.0,67499.25,"/Hogar/MUEBLES DE INTERIOR/MUEBLES DE DORMITORIO/,/Hogar/MUEBLES DE INTERIOR/,/Hogar/",488471,https://www.hiperlibertad.com.ar/placard-tables-2-puertas-olmo-gris/p,3,Descripcion: Placard 2 Puertas 2 Cajones  - Color : Olmo Finlandes/Gris Cubanita - Material: Melamina 15mm - Medidas (armado): 86 cm x 186 cm x 45 cm- Requiere armado: si - Peso Caja: 60 Kg
CHIFONIER TABLES 4 CAJONES OLMO/GRIS,63999.0,47999.25,"/Hogar/MUEBLES DE INTERIOR/MUEBLES DE DORMITORIO/,/Hogar/MUEBLES DE INTERIOR/,/Hogar/",488470,https://www.hiperlibertad.com.ar/chifonier-tables-4-cajones-olmo-gris/p,2,Descripcion: Chifonier 4 cajones  - Color : Olmo Finlandes/Gris Cubanita - Material: Melamina 15mm - Medidas (armado): 86 cm x 97 cm x 45 cm - Requiere armado: si - Peso Caja: 37 Kg
"HOME VISION PARA TV HASTA 55""",69999.0,39749.25,"/Hogar/MUEBLES DE INTERIOR/MUEBLES PARA LIVING Y COMEDOR/,/Hogar/MUEBLES DE INTERIOR/,/Hogar/",485412,https://www.hiperlibertad.com.ar/home-vision-para-tv-hasta-55/p,1,"Descripcion: Home para tv HASTA 55"" 2 con estantes - Color : roble natural/blanco - Material: Melamina 15mm - Medidas (armado): 182 cm x 128 cm x 40 cm - Requiere armado: si - Peso Caja: 50,2 Kg"
"PANEL PARA TV HASTA 50""",39999.0,22274.25,"/Hogar/MUEBLES DE INTERIOR/MUEBLES PARA LIVING Y COMEDOR/,/Hogar/MUEBLES DE INTERIOR/,/Hogar/",485357,https://www.hiperlibertad.com.ar/panel-para-tv-hasta-50/p,1,"Descripcion: Panel para TV HASTA 50"". Incluye soporte fijo para TV - Color : enigma - Material: Melamina 15mm - Medidas (armado): 85 cm x 128 cm x 26,5 cm - Requiere armado: si - Peso Caja: 19,1 Kg"
SILLA OFICINA PRS044 BEIGE,49999.0,49999.0,"/Hogar/MUEBLES DE INTERIOR/MUEBLES DE OFICINA/,/Hogar/MUEBLES DE INTERIOR/,/Hogar/",485325,https://www.hiperlibertad.com.ar/silla-oficina-prs044-beige/p,7,"Descripcion: Silla de oficina. Tela tipo malla. Altura regulable con piston a gas. Apoyabrazos. Base de hierro cromado giratoria con ruedas. Ajuste de inclinacion - Color : gris - Material: Cuerina y malla - Medidas (armado): 92/120 cm x 60 cm x 50 cm - Requiere armado: si - Peso Caja: 10,1 Kg"
ESCRITORIO FLOTANTE,47999.0,47999.0,"/Hogar/MUEBLES DE INTERIOR/MUEBLES DE OFICINA/,/Hogar/MUEBLES DE INTERIOR/,/Hogar/",485323,https://www.hiperlibertad.com.ar/escritorio-flotante/p,1,"Descripcion: Escritorio de pared. Puerta basculante con piston a gas - Color : roble blanco- Material: Melamina 15mm - Medidas (armado): 40 cm x 125 cm x 25 cm - Requiere armado: si - Peso Caja: 16,2 Kg"
ESCRITORIO GAMER,54499.0,30374.25,"/Hogar/MUEBLES DE INTERIOR/MUEBLES DE OFICINA/,/Hogar/MUEBLES DE INTERIOR/,/Hogar/",485322,https://www.hiperlibertad.com.ar/escritorio-gamer/p,2,"Descripcion: Escritorio gamer 4 estantes. Con espacio para CPU. Incluye gancho para auriculares y pasacables - Color : negro/rojo - Material: Melamina 15mm - Medidas (armado): 78 cm x 120 cm x 60 cm - Requiere armado: si - Peso Caja: 30,4 Kg"
"PANEL PARA TV HASTA 55""",58999.0,58999.0,"/Hogar/MUEBLES DE INTERIOR/MUEBLES PARA LIVING Y COMEDOR/,/Hogar/MUEBLES DE INTERIOR/,/Hogar/",485320,https://www.hiperlibertad.com.ar/panel-para-tv-hasta-55/p,1,"Descripcion: Panel para TV HASTA 55"". 1 puerta. Incluye soporte fijo para TV - Color : roble termo - Material: Melamina 15mm - Medidas (armado): 90 cm x 150 cm x 26,5 cm - Requiere armado: si - Peso Caja: 27,3 Kg"
"RACK VISION PARA TV HASTA  55""",45999.0,45999.0,"/Hogar/MUEBLES DE INTERIOR/MUEBLES PARA LIVING Y COMEDOR/,/Hogar/MUEBLES DE INTERIOR/,/Hogar/",485319,https://www.hiperlibertad.com.ar/rack-vision-para-tv-hasta-55-2/p,2,"Descripcion: Rack para tv HASTA 55"" 1 puerta y estantes - Color : nebraska/negro - Material: Melamina 15mm - Medidas (armado): 62 cm  x 120 cm x 35 cm - Requiere armado: si - Peso Caja: 24,1 Kg"
SILLA LEBLON NEGRA,37999.0,37999.0,"/Hogar/MUEBLES DE INTERIOR/MUEBLES PARA LIVING Y COMEDOR/,/Hogar/MUEBLES DE INTERIOR/,/Hogar/",474409,https://www.hiperlibertad.com.ar/silla-leblon-negra/p,3,"DESCRIPCION: 
 Silla de hierro y soga con diseño y calidad premium. 
 La silla Leblon combina un moderno diseño con una comodidad unica. 
 Estructura de hierro color negro. Soga color negro. 
 
 MATERIALES: 
 HIERRO DE PRIMERA CALIDAD DE 1/2″ 
 PINTURA ELECTROESTATICA EPOXI CON ACABADO A HORNO 
 SOGA DE POLIPROPILENO DE ALTA RESISTENCIA 
 
 MEDIDAS: 
 ALTO TOTAL 94CM 
 ANCHO 44 CM 
 PROFUNDIDAD 52 CM 
 ALTO AL ASIENTO 51 CM 
 HIERRO DE PRIMERA CALIDAD DE 1/2″"
SILLA LEBLON HN TEJIDO TOSTADO,37999.0,37999.0,"/Hogar/MUEBLES DE INTERIOR/MUEBLES PARA LIVING Y COMEDOR/,/Hogar/MUEBLES DE INTERIOR/,/Hogar/",474408,https://www.hiperlibertad.com.ar/silla-leblon-hn-tejido-tostado/p,5,Silla de hierro y soga con diseño y calidad premium. La silla Leblon combina un moderno diseño con una comodidad unica.   MATERIALES: HIERRO DE PRIMERA CALIDAD DE 1/2″- SOGA DE POLIPROPILENO DE ALTA RESISTENCIA - PINTURA ELECTROESTATICA EPOXI CON ACABADO A HORNO   Medidas: L: 52 cm A: 44 cm Al:92 cm - ORIGEN: Argentina
"BAHIUT 1,60 MT. GRIS ANDINO",75199.0,75199.0,"/Hogar/MUEBLES DE INTERIOR/MUEBLES PARA LIVING Y COMEDOR/,/Hogar/MUEBLES DE INTERIOR/,/Hogar/",471572,https://www.hiperlibertad.com.ar/bahiut-1-60-mt-gris-andino/p,2,Bahiut /Mueble Tv - 1 cajon con correderas metalicas 4 puertas -Color:Gris Andino  - Materiales: Aglomerado termolaminado - Alto:92 cm Prof:45 cm  Ancho: 160 cm - Requiere armado
"BAHIUT 1,60 MT. TABACO",75199.0,75199.0,"/Hogar/MUEBLES DE INTERIOR/MUEBLES PARA LIVING Y COMEDOR/,/Hogar/MUEBLES DE INTERIOR/,/Hogar/",471571,https://www.hiperlibertad.com.ar/bahiut-1-60-mt-tabaco/p,1,Bahiut /Mueble Tv - 1 cajon con correderas metalicas 4 puertas -Color:Tabaco - Materiales: Aglomerado termolaminado - Alto:92 cm Prof:45 cm  Ancho: 160 cm - Requiere armado
ESTANTE FLOTANTE SLIM 60X20 WENGUE,3999.0,2999.25,"/Hogar/MUEBLES DE INTERIOR/MUEBLES PARA LIVING Y COMEDOR/,/Hogar/MUEBLES DE INTERIOR/,/Hogar/",470514,https://www.hiperlibertad.com.ar/estante-flotante-slim-60x20-wengue/p,8,"Tipo: Estante-Color: Wengue-Material:Aglomerado Melaminizado - Alto:1,5 cm Largo:80 cm  Ancho: 20 cm"
ESTANTE FLOTANTE SLIM 60X20 PARAISO,3999.0,2999.25,"/Hogar/MUEBLES DE INTERIOR/MUEBLES PARA LIVING Y COMEDOR/,/Hogar/MUEBLES DE INTERIOR/,/Hogar/",470513,https://www.hiperlibertad.com.ar/estante-flotante-slim-60x20-paraiso/p,6,"Tipo: Estante-Color: Paraiso-Material:Aglomerado Melaminizado - Alto:1,5 cm Largo:60 cm  Ancho: 20 cm"
ESTANTE FLOTANTE SLIM 60X20 BLANCO,3999.0,2999.25,"/Hogar/MUEBLES DE INTERIOR/MUEBLES PARA LIVING Y COMEDOR/,/Hogar/MUEBLES DE INTERIOR/,/Hogar/",470512,https://www.hiperlibertad.com.ar/estante-flotante-slim-60x20-blanco/p,4,"Tipo: Estante-Color: Blanco-Material:Aglomerado Melaminizado - Alto:1,5 cm Largo:60 cm  Ancho: 20 cm"
ESTANTE FLOTANTE SLIM 80X20 WENGUE,4619.0,3464.25,"/Hogar/MUEBLES DE INTERIOR/MUEBLES PARA LIVING Y COMEDOR/,/Hogar/MUEBLES DE INTERIOR/,/Hogar/",470511,https://www.hiperlibertad.com.ar/estante-flotante-slim-80x20-wengue/p,3,"Tipo: Estante-Color: Wengue-Material:Aglomerado Melaminizado - Alto:1,5 cm Largo:60 cm  Ancho: 20 cm"
ESTANTE FLOTANTE SLIM 80X20 PARAISO,4619.0,3464.25,"/Hogar/MUEBLES DE INTERIOR/MUEBLES PARA LIVING Y COMEDOR/,/Hogar/MUEBLES DE INTERIOR/,/Hogar/",470510,https://www.hiperlibertad.com.ar/estante-flotante-slim-80x20-paraiso/p,7,"Tipo: Estante-Color: Paraiso-Material:Aglomerado Melaminizado - Alto:1,5 cm Largo:80 cm  Ancho: 20 cm"
ESTANTE FLOTANTE SLIM 80X20 BLANCO,4619.0,3464.25,"/Hogar/MUEBLES DE INTERIOR/MUEBLES PARA LIVING Y COMEDOR/,/Hogar/MUEBLES DE INTERIOR/,/Hogar/",470509,https://www.hiperlibertad.com.ar/estante-flotante-slim-80x20-blanco/p,13,"Tipo: Estante-Color: Blanco-Material:Aglomerado Melaminizado - Alto:1,5 cm Largo:80 cm  Ancho: 20 cm -"
RACK TV MULTIFUNCION WENGUE,22489.0,22489.0,"/Hogar/MUEBLES DE INTERIOR/MUEBLES PARA LIVING Y COMEDOR/,/Hogar/MUEBLES DE INTERIOR/,/Hogar/",470440,https://www.hiperlibertad.com.ar/rack-tv-multifuncion-wengue/p,2,"Mueble organizador con dos módulos para combinar como quieras. Uno de los modelos más versátiles de la línea original, ideal para utilizar como rack de TV. Combina con todo tipo de ambiente y cuenta con seis compartimientos para organizar todo lo que necesites. Color: Wengue - Materiales : Aglomerado Melaminizado - Consta de dos piezas . Medidas de cada piezas armada.Alto:59,5 cm Ancho: 30 cm Largo: 118,5 cm . - Requiere armado"
RACK TV MULTIFUNCION BLANCO,22489.0,22489.0,"/Hogar/MUEBLES DE INTERIOR/MUEBLES PARA LIVING Y COMEDOR/,/Hogar/MUEBLES DE INTERIOR/,/Hogar/",470439,https://www.hiperlibertad.com.ar/rack-tv-multifuncion-blanco/p,2,"Mueble organizador con dos módulos para combinar como quieras. Uno de los modelos más versátiles de la línea original, ideal para utilizar como rack de TV. Combina con todo tipo de ambiente y cuenta con seis compartimientos para organizar todo lo que necesites. Color: Blanco - Materiales : Aglomerado Melaminizado - Consta de dos piezas . Medidas de cada piezas armada.Alto:59,5 cm Ancho: 30 cm Largo: 118,5 cm ."
ORGANIZADOR MODULAR 4 ESPACIOS BLANCO,16199.0,16199.0,"/Hogar/MUEBLES DE INTERIOR/MUEBLES DE OFICINA/,/Hogar/MUEBLES DE INTERIOR/,/Hogar/",470438,https://www.hiperlibertad.com.ar/organizador-modular-4-espacios-blanco/p,1,"Apila y combina como quieras. Estos cubos ofrecen un sinfín de posiblidades para organizar tus libros, revistas y cualquier objeto de decoración. Se adaptan a todos los espacios y podes usarlo colgado, en piso o como separador de ambientes.Color: Blanco -  Materiales: Aglomerado Melaminizado - Alto:60 cm Largo:60 cm  Ancho: 30 cm - Requiere armado"
ESCRITORIO 2 CAJONES ABEDUL,30199.0,20474.25,"/Hogar/MUEBLES DE INTERIOR/MUEBLES DE OFICINA/,/Hogar/MUEBLES DE INTERIOR/,/Hogar/",468289,https://www.hiperlibertad.com.ar/escritorio-2-cajones-abedul/p,1,"ESCRITORIO 2 CAJONES ABEDUL Escritorio 2 cajones Correderas metálicas Diseñado para trabajo con notebook Material: Melamina 15 mm Color: Abedul Medidas: 98 cm X 75,5 cm X 59,5 cm Origen: Argentina"
ESCRITORIO NOTEBOOK ABEDUL,19499.0,13199.25,"/Hogar/MUEBLES DE INTERIOR/MUEBLES DE OFICINA/,/Hogar/MUEBLES DE INTERIOR/,/Hogar/",468288,https://www.hiperlibertad.com.ar/escritorio-notebook-abedul/p,3,"Escritorio/mesa de trabajo Escritorio sin cajon Material: Melamina 15 mm Color: Abedul Medidas: 90 cm X 75,5 cm X 59,5 cm Origen: Argentina"
ESCRITORIO NOTEBOOK VENECI,19499.0,13199.25,"/Hogar/MUEBLES DE INTERIOR/MUEBLES DE OFICINA/,/Hogar/MUEBLES DE INTERIOR/,/Hogar/",468272,https://www.hiperlibertad.com.ar/escritorio-notebook-veneci/p,2,"ESCRITORIO NOTEBOOK VENECIA Escritorio/mesa de trabajo          Escritorio sin cajon Material: Melamina 15 mm Color: Venecia    Medidas: 90 cm X 75,5 cm X 59,5 cm      Origen: Argentina"
BIBLIOTECA BAJA VENECIA,24899.0,16949.25,"/Hogar/MUEBLES DE INTERIOR/MUEBLES DE OFICINA/,/Hogar/MUEBLES DE INTERIOR/,/Hogar/",468218,https://www.hiperlibertad.com.ar/biblioteca-baja-venecia-1430/p,2,"Biblioteca baja para que puedas organizar tus libros/revistas, etc. Su diseño de lineas basicas y puras permite que la adpates a cualquier espacio de tu casa. (living , dormitorio, por que no tu cocina como mueble auxiliar) Biblioteca: 3 estantes Material:Melamina 15 mm Color: Venecia Medidas: 61,5 cm X 136,5 cm X 29,5 cm   Origen: Argentina"
Escritorio PLATINUM gris andino,34899.0,34899.0,"/Hogar/MUEBLES DE INTERIOR/MUEBLES DE OFICINA/,/Hogar/MUEBLES DE INTERIOR/,/Hogar/",452212,https://www.hiperlibertad.com.ar/escritorio-platinum-gris-andino/p,1,Escritorio PLATINUM gris andino. Escritorio 501  2 Cajones superior con cerradura  Colorgris andino  Con correderas metalicas  Requiere armado  Peso aproximado de caja: 30 Kg.
ESTANTE FLOTANTE 80 x 25 Cm BLANCO CENTROESTANT,7899.0,5924.25,"/Hogar/MUEBLES DE INTERIOR/MUEBLES DE OFICINA/,/Hogar/MUEBLES DE INTERIOR/,/Hogar/",445891,https://www.hiperlibertad.com.ar/estante-flotante-80-x-25-cm-blanco-centroestant/p,5,ESTANTE FLOTANTE CENTROESTANT  80 x 25 Cm. COLOR BLANCO
ESTANTE FLOTANTE 60 x 25 Cm  WENGUE CENTROESTANT,7419.0,5564.25,"/Hogar/MUEBLES DE INTERIOR/MUEBLES DE OFICINA/,/Hogar/MUEBLES DE INTERIOR/,/Hogar/",445890,https://www.hiperlibertad.com.ar/estante-flotante-60-x-25-cm-wengue-centroestant/p,7,ESTANTE FLOTANTE CENTROESTANT 60 x 25 Cm. COLOR WENGUE
ESTANTE FLOTANTE CENTROESTANT,7419.0,5564.25,"/Hogar/MUEBLES DE INTERIOR/MUEBLES DE OFICINA/,/Hogar/MUEBLES DE INTERIOR/,/Hogar/",445889,https://www.hiperlibertad.com.ar/estante-flotante-centroestant/p,18,ESTANTE EN MELAMINA FLOTANTE CON MENSULA EN METAL INVISIBLE. KIT DE INSTALACIÓN FÁCIL DE COLOCAR
ESTANTE FLOT60 X 25 ROBLE ESCAND,7049.0,5286.75,"/Hogar/MUEBLES DE INTERIOR/MUEBLES DE OFICINA/,/Hogar/MUEBLES DE INTERIOR/,/Hogar/",445888,https://www.hiperlibertad.com.ar/estante-flotante-centroestant-3/p,6,ESTANTE FLOT60 X 25 ROBLE ESCAND
ESTANTE KIT CON SOPORTE  60 x 40 Cm WENGUE CENTROESTANT,5989.0,4192.3,"/Hogar/MUEBLES DE INTERIOR/MUEBLES DE OFICINA/,/Hogar/MUEBLES DE INTERIOR/,/Hogar/",445882,https://www.hiperlibertad.com.ar/estante-kit-con-soporte-60-x-40-cm-wengue-centroestant/p,6,ESTANTE KIT CENTROESTANT CON SOPORTE 60 x 40 Cm. COLOR WENGUE
ESTANTE CON MESULA CENTROESTANT,5989.0,4192.3,"/Hogar/MUEBLES DE INTERIOR/MUEBLES DE OFICINA/,/Hogar/MUEBLES DE INTERIOR/,/Hogar/",445881,https://www.hiperlibertad.com.ar/estante-con-mesula-centroestant-2/p,8,ESTANTE CON MENSULA IDEAL PARA MICROONDAS Y HORNO ELÉCTRICO.
ESTANTE KIT CON SOPORTE  60 x 40 Cm BLANCO CENTROESTANT,5989.0,4192.3,"/Hogar/MUEBLES DE INTERIOR/MUEBLES DE OFICINA/,/Hogar/MUEBLES DE INTERIOR/,/Hogar/",445880,https://www.hiperlibertad.com.ar/estante-kit-con-soporte-60-x-40-cm-blanco-centroestant/p,5,ESTANTE KIT CENTROESTANT CON SOPORTE 60 x 40 Cm. COLOR BLANCO
ESTANTE KIT CON SOPORTE  60 x 20 Cm WENGUE CENTROESTANT,4099.0,2869.3,"/Hogar/MUEBLES DE INTERIOR/MUEBLES DE OFICINA/,/Hogar/MUEBLES DE INTERIOR/,/Hogar/",445879,https://www.hiperlibertad.com.ar/estante-kit-con-soporte-60-x-20-cm-wengue-centroestant/p,4,ESTANTE KIT CENTROESTANT CON SOPORTE  60 x 20 Cm. COLOR WENGUE
ESTANTE CON MESULA CENTROESTANT,4099.0,2869.3,"/Hogar/MUEBLES DE INTERIOR/MUEBLES DE OFICINA/,/Hogar/MUEBLES DE INTERIOR/,/Hogar/",445878,https://www.hiperlibertad.com.ar/estante-con-mesula-centroestant/p,7,ESTANTE CON MENSULA.
ESTANTE KIT CON SOPORTE  60 x 20 Cm BLANCO CENTROESTANT,4099.0,2869.3,"/Hogar/MUEBLES DE INTERIOR/MUEBLES DE OFICINA/,/Hogar/MUEBLES DE INTERIOR/,/Hogar/",445877,https://www.hiperlibertad.com.ar/estante-kit-con-soporte-60-x-20-cm-blanco-centroestant/p,7,ESTANTE KIT CENTROESTANT CON SOPORTE 60 x 20 Cm. BLANCO
ESTANTE FLOTANTE CENTROESTANT  BLANCO 60 X 25,7419.0,5564.25,"/Hogar/MUEBLES DE INTERIOR/MUEBLES DE OFICINA/,/Hogar/MUEBLES DE INTERIOR/,/Hogar/",445866,https://www.hiperlibertad.com.ar/estante-flotante-centroestant-blanco-60-x-25/p,9,ESTANTE FLOTANTE CENTROESTANT  BLANCO 60 X 25
ESTANTE FLOTANTE 80 x 25 Cm. WENGUE CENTROESTANT,7899.0,5924.25,"/Hogar/MUEBLES DE INTERIOR/MUEBLES DE OFICINA/,/Hogar/MUEBLES DE INTERIOR/,/Hogar/",445864,https://www.hiperlibertad.com.ar/estante-flotante-80-x-25-cm-wengue-centroestant/p,8,ESTANTE FLOTANTE CENTROESTANT  80 x 25 Cm. COLOR WENGUE
ESTANTE FLOTANTE CENTROESTANT,7899.0,5924.25,"/Hogar/MUEBLES DE INTERIOR/MUEBLES DE OFICINA/,/Hogar/MUEBLES DE INTERIOR/,/Hogar/",445863,https://www.hiperlibertad.com.ar/estante-flotante-centroestant-2/p,6,ESTANTE EN MELAMINA FLOTANTE CON MENSULA EN METAL INVISIBLE. KIT DE INSTALACIÓN FÁCIL DE COLOCAR.
ZAPATERO DE 4 CAJONES ABEDUL ORLANDI,36299.0,27224.25,"/Hogar/MUEBLES DE INTERIOR/MUEBLES DE DORMITORIO/,/Hogar/MUEBLES DE INTERIOR/,/Hogar/",439506,https://www.hiperlibertad.com.ar/zapatero-de-4-cajones-abedul-orlandi/p,1,"ZAPATERO: CON 4 CAJONES VOLCABLES CORREDERAS PLASTICAS CAPACIDAD 24 PARES MELAMINA de 15 Mm REQUIERE ARMADO CAJA: 1,47 Cm x 50 Cm x 7,7 Cm PESO APROXIMADO DE CAJA 30,3 Kg"
"MINI PLACARD ESTUDIANTIL VENECIA 1,3 M",105799.0,72449.25,"/Hogar/MUEBLES DE INTERIOR/MUEBLES DE DORMITORIO/,/Hogar/MUEBLES DE INTERIOR/,/Hogar/",439504,https://www.hiperlibertad.com.ar/placard-bajo-de-1-3-mt-3-puertas-2-cajones-orlandi/p,1,
CHIFONIER 920 CON 6 CAJONES COLOR BLANCO VETA PLATINUM,37699.0,37699.0,"/Hogar/MUEBLES DE INTERIOR/MUEBLES DE DORMITORIO/,/Hogar/MUEBLES DE INTERIOR/,/Hogar/",430387,https://www.hiperlibertad.com.ar/chifonier-920-con-6-cajones-color-blanco-veta-platinum/p,1,CHIFONIER: 6 CAJONES CON CORREDERAS METALICAS REQUIERE ARMADO PESO APROXIMADO DE LA CAJA: 39 Kg
PLACARD 3 PUERTAS 2 CAJONES COLOR TABACO PLATINUM,48799.0,48799.0,"/Hogar/MUEBLES DE INTERIOR/MUEBLES DE DORMITORIO/,/Hogar/MUEBLES DE INTERIOR/,/Hogar/",421582,https://www.hiperlibertad.com.ar/placard-3-puertas-2-cajones-color-tabaco-platinum/p,1,PLACARD 913 LS1: 3PUERTAS Y 2 CAJONES COLOR TABACO CON CORREDERAS METALICAS 1 ESTANTE FIJO Y 2 ESTANTES MOVILES CON BARRAL REQUIERE ARMADO PESO APROXIMADO DE CAJA: 77 Kg
COMODA 3 CAJONES 1 PUERTA ORLANDI,36599.0,25049.25,"/Hogar/MUEBLES DE INTERIOR/MUEBLES DE DORMITORIO/,/Hogar/MUEBLES DE INTERIOR/,/Hogar/",420204,https://www.hiperlibertad.com.ar/comoda-3-cajones-1-puerta-orlandi/p,1,"COMODA:  CON 3 CAJONES Y 1 PUERTA  CORREDERAS METALICAS  3 ESTANTES  MELAMINA DE 15 Mm  REQUIERE ARMADO  MEDIDA DE CAJA 90 Cm x 37 Cm x 17,3 Cm  PESO APROXIMADO DE CAJA 33 Kg"
BIBLIOTECA EN MELAMINA KEN CENTROESTANT,19499.0,19499.0,"/Hogar/MUEBLES DE INTERIOR/MUEBLES DE OFICINA/,/Hogar/MUEBLES DE INTERIOR/,/Hogar/",370011,https://www.hiperlibertad.com.ar/biblioteca-en-melamina-ken-centroestant-2/p,1,"BIBLIOTECA EN MELAMINA 15Mm PARA QUE PUEDAS ORGANIZAR TUS LIBROS/REVISTAS EN EL LIVING, CUARTO, JUNTO A TU ESCRITORIO O CUALQUIER LUGAR DE TU CASA."
ESCRITORIO PARIS WENGUE CENTROESTANT,29199.0,29199.0,"/Hogar/MUEBLES DE INTERIOR/MUEBLES DE OFICINA/,/Hogar/MUEBLES DE INTERIOR/,/Hogar/",369996,https://www.hiperlibertad.com.ar/escritorio-paris-wengue-centroestant/p,1,ESCRITORIO DE MELAMINA 15 Mm: DOS CAJONES CON CORREDERA METÁLICA PATINES Y MANIJA PLÁSTICA REQUIERE ARMADO
PLACARD 2 PUERTAS 2 CAJONES COLOR TABACO PLATINUM,37499.0,37499.0,"/Hogar/MUEBLES DE INTERIOR/MUEBLES DE DORMITORIO/,/Hogar/MUEBLES DE INTERIOR/,/Hogar/",368391,https://www.hiperlibertad.com.ar/placard-2-puertas-2-cajones-color-tabaco-platinum/p,2,"Largo  0,62m Alto  1,85m Profundidad  0,48m Peso  42kg Embalado  1 caja Requiere armado  Si Caracteristicas  Posee 2 cajones con correderas metálicas, 1 estante fijo y 1 barral para colgar sus prendas. Color  Tabaco"
CHIFONIER 921 CON 4 CAJONES 1 PUERTA COLOR TABACO PLATINUM,47199.0,47199.0,"/Hogar/MUEBLES DE INTERIOR/MUEBLES DE DORMITORIO/,/Hogar/MUEBLES DE INTERIOR/,/Hogar/",272140,https://www.hiperlibertad.com.ar/chifonier-921-con-4-cajones-1-puerta-color-tabaco-platinum/p,1,CHIFONIER:  4 CAJONES Y 1 PUERTA COLOR TABACO CON CORREDERAS METALICAS REQUIERE ARMADO PESO APROXIMADO DE LA CAJA: 49 Kg
PLACARD 912 2P 2C CEDRO,31499.0,31499.0,"/Hogar/MUEBLES DE INTERIOR/MUEBLES DE DORMITORIO/,/Hogar/MUEBLES DE INTERIOR/,/Hogar/",197789,https://www.hiperlibertad.com.ar/placardplatinum-912-2-puertas-cedro/p,2,PLACARD 912 2P 2C CEDRO
PLACARD LS1 3P 2C CEDRO,48799.0,48799.0,"/Hogar/MUEBLES DE INTERIOR/MUEBLES DE DORMITORIO/,/Hogar/MUEBLES DE INTERIOR/,/Hogar/",197783,https://www.hiperlibertad.com.ar/placard-3-puertas-2-cajones-color-cedro-platinum/p,3,PLACARD LS1 3P 2C CEDRO
Escobero 2 Puertas Blanco DIS3,30699.0,30699.0,"/Hogar/MUEBLES DE INTERIOR/MUEBLES DE COCINA Y ORDENAMIENTO/,/Hogar/MUEBLES DE INTERIOR/,/Hogar/",2311,https://www.hiperlibertad.com.ar/escobero-2-puertas-blanco-dis3/p,1,"Mueble organizador de 1,5mts. de altura pensado para que tengas los productos de limpieza organizados y siempre a mano. En su interior cuenta con tres estantes regulables y un espacio libre para escoba, escurridor o lo que uses para la limpieza de tu hogar.     Medidas: Alto 150 Cm.    Ancho 60 Cm.   Profundidad 32 Cm."
